conversation_index,conversation_id,message_index,message_id,role,text_content,text_content_length_token_count,text_content_embedding_duplicate_group,text_content_embedding_has_semantic_duplicate
0,0,0,msg_0,system,Below is an instruction that describes a task. Write a response that appropriately completes the request.,18,0,True
0,0,1,msg_1,user,Give three tips for staying healthy.,7,1,False
0,0,2,msg_2,assistant,"1. Eat a balanced and nutritious diet: Make sure your meals are inclusive of a variety of fruits and vegetables, lean protein, whole grains, and healthy fats. This helps to provide your body with the essential nutrients to function at its best and can help prevent chronic diseases.

2. Engage in regular physical activity: Exercise is crucial for maintaining strong bones, muscles, and cardiovascular health. Aim for at least 150 minutes of moderate aerobic exercise or 75 minutes of vigorous exercise each week.

3. Get enough sleep: Getting enough quality sleep is crucial for physical and mental well-being. It helps to regulate mood, improve cognitive function, and supports healthy growth and immune function. Aim for 7-9 hours of sleep each night.",147,2,False
1,1,0,msg_0,system,Below is an instruction that describes a task. Write a response that appropriately completes the request.,18,0,True
1,1,1,msg_1,user,What are the three primary colors?,7,4,False
1,1,2,msg_2,assistant,"The three primary colors are red, blue, and yellow. These colors are called primary because they cannot be created by mixing other colors and all other colors can be made by combining them in various proportions. In the additive color system, used for light, the primary colors are red, green, and blue (RGB).",63,5,False
2,2,0,msg_0,system,Below is an instruction that describes a task. Write a response that appropriately completes the request.,18,0,True
2,2,1,msg_1,user,Describe the structure of an atom.,7,7,False
2,2,2,msg_2,assistant,"An atom is the basic building block of all matter and is made up of three types of particles: protons, neutrons, and electrons. The structure of an atom can be described as a nucleus at the center surrounded by a cloud of electrons.

The nucleus of an atom is made up of protons and neutrons. Protons are positively charged particles and neutrons are neutral particles with no charge. Both of these particles are located in the nucleus of the atom, which is at the center of the atom and contains most of the atom's mass.

Surrounding the nucleus of the atom is a cloud of electrons. Electrons are negatively charged particles that are in constant motion around the nucleus. The electron cloud is divided into shells or orbitals, and each shell can hold a certain number of electrons. The number of electrons in the outermost shell, called the valence shell, determines the chemical properties of the atom. 

In a neutral atom, the number of protons in the nucleus is equal to the number of electrons in the electron cloud, so the positive and negative charges balance out and the atom has no overall charge. The number of protons, also called the atomic number, determines what element the atom is.",247,8,False
3,3,0,msg_0,system,Below is an instruction that describes a task. Write a response that appropriately completes the request.,18,0,True
3,3,1,msg_1,user,How can we reduce air pollution?,7,10,False
3,3,2,msg_2,assistant,"There are several ways to reduce air pollution, including:

1. Reduce energy consumption: By conserving energy, we reduce the amount of pollution emitted from power plants. Some ways to achieve this include: using energy-efficient appliances and lighting, insulating homes, and shutting off lights and electronics when not in use.

2. Use public transportation or carpool: Cars and trucks are major sources of pollution. By using public transportation, carpooling or biking, you can reduce the number of cars on the road, which in turn reduces emissions.

3. Be responsible with waste: When waste is burned or decomposed, they can release harmful gases into the air. Dispose of hazardous waste correctly and recycle materials like plastics, paper, and glass when possible.

4. Support clean energy sources: Renewable energy sources like solar and wind power generate little or no pollution. Support clean energy companies and projects, and consider installing renewable energy systems in your home.

5. Drive efficiently: If you need to drive, make sure your vehicle is well maintained and drive efficiently by avoiding rapid acceleration and braking, and reducing idling.

6. Be mindful of product choices: Some products and practices release more pollution than others. Choose products with eco-friendly packaging and try to minimize your use of aerosol sprays, which can release harmful chemicals into the air.",262,11,False
4,4,0,msg_0,system,Below is an instruction that describes a task. Write a response that appropriately completes the request.,18,0,True
4,4,1,msg_1,user,Pretend you are a project manager of a construction company. Describe a time when you had to make a difficult decision.,24,13,False
4,4,2,msg_2,assistant,"I had to make a difficult decision when I was working as a project manager at a construction company. I was in charge of a project that needed to be completed by a certain date in order to meet the client’s expectations. However, due to unexpected delays, we were not able to meet the deadline and so I had to make a difficult decision. I decided to extend the deadline, but I had to stretch the team’s resources even further and increase the budget. Although it was a risky decision, I ultimately decided to go ahead with it to ensure that the project was completed on time and that the client’s expectations were met. The project was eventually successfully completed and this was seen as a testament to my leadership and decision-making abilities.",147,14,False
5,5,0,msg_0,system,Below is an instruction that describes a task. Write a response that appropriately completes the request.,18,0,True
5,5,1,msg_1,user,"Write a concise summary of the following:
""Commodore 64 (commonly known as the C64 or CBM 64) was manufactured by Commodore Business Machine (CBM) in August 1982 with a starting price of $595. It was an 8-bit home computer with remarkable market success. Between 1983-1986, C64 sales amounted to about 17 million units sold, making them the best-selling single personal computer model of all time in 1983-1986. 

Additionally, the Commodore 64 dominated the market with between 30% and 40% share and 2 million units sold per year, outselling the IBM PC clones, Apple Computers, and Atari computers. Adding to their success, Sam Tramiel (former Atari president), during an interview in 1989, said they were building 400,000 C64s a month for a couple of years. """,190,16,False
5,5,2,msg_2,assistant,"The Commodore 64 was a highly successful 8-bit home computer manufactured by Commodore Business Machine (CBM) in 1982, with sales amounting to approximately 17 million units sold between 1983-1986. It dominated the market with between 30% and 40% share and outsold its competitors, including IBM PC clones, Apple Computers, and Atari computers. At its peak, CBM was building 400,000 C64s a month for a couple of years.",103,17,False
6,6,0,msg_0,system,"Below is an instruction that describes a task, paired with an input that provides further context. Write a response that appropriately completes the request.",27,18,True
6,6,1,msg_1,user,"Explain why the following fraction is equivalent to 1/4

### Input:
4/16",19,19,False
6,6,2,msg_2,assistant,"The fraction 4/16 is equivalent to 1/4 because both fractions represent the same value. A fraction can be simplified by dividing both the numerator and the denominator by a common factor. In this case, 4 is a common factor of both the numerator and the denominator of 4/16. When we divide both by 4, we get 4/4 = 1 and 16/4 = 4, so the simplified fraction is 1/4. Alternatively, we can think of this in terms of multiplication. For example, if we multiply the numerator and denominator of the fraction 1/4 by 4, we get (1x4)/(4x4), or 4/16. Since both fractions can be derived from the other through multiplication or division by the same number, they represent the same value and are equivalent.",175,20,False
7,7,0,msg_0,system,Below is an instruction that describes a task. Write a response that appropriately completes the request.,18,0,True
7,7,1,msg_1,user,Write a short story in third person narration about a protagonist who has to make an important career decision.,20,22,False
7,7,2,msg_2,assistant,"Sophie sat at her desk, staring blankly at the computer screen. Her mind was racing as she weighed the options in front of her. She had been offered a promotion to a senior management position within her company, but it meant moving across the country and leaving her friends and family behind. At the same time, her dream job at a rival company had finally opened up, and she had been invited for an interview. 

The thought of leaving her comfortable life behind, to take a chance on something new and uncertain, made Sophie feel anxious, but also excited. She had always been one to take risks, and it had paid off in the past. But now, with such a big decision to make, Sophie couldn't help but feel overwhelmed.

After much deliberation, Sophie made her choice. She packed her bags, said goodbye to her loved ones, and moved across the country for the new job. It was a difficult first few months, adjusting to a new city and a new company culture. But as time went by, Sophie realized that she had made the best decision for her career. The job was challenging, but also rewarding, and she was surrounded by passionate, driven colleagues who inspired her to grow and develop.

In the end, Sophie's bold move paid off. She was thriving in her new role, and had made new friends and connections in her new city. Looking back, Sophie was grateful for the opportunity to take a risk and make a change, and was confident that she had made the right decision for her career.",309,23,False
8,8,0,msg_0,system,"Below is an instruction that describes a task, paired with an input that provides further context. Write a response that appropriately completes the request.",27,18,True
8,8,1,msg_1,user,"Evaluate this sentence for spelling and grammar mistakes

### Input:
He finnished his meal and left the resturant",22,25,False
8,8,2,msg_2,assistant,"There are two spelling errors in the sentence. The corrected sentence should be: ""He finished his meal and left the restaurant.""",25,26,False
9,9,0,msg_0,system,Below is an instruction that describes a task. Write a response that appropriately completes the request.,18,0,True
9,9,1,msg_1,user,How did Julius Caesar die?,6,28,False
9,9,2,msg_2,assistant,"Julius Caesar, the Roman Military general, and statesman was assassinated on March 15, 44 BC. He was stabbed to death at a meeting of the Senate in the Theatre of Pompey by a group of senators who called themselves the Liberatores. Led by Gaius Cassius Longinus, and Marcus Junius Brutus, they believed that Caesar's dictatorship was subverting the Roman Republic and sought to restore the traditional republican government. The exact number of assailants is not known, but it is believed that a group of as many as 60 conspirators participated in the assassination, and each of them took turns in stabbing Caesar. The day of his death is still known as the Ides of March.",148,29,False
10,10,0,msg_0,system,Below is an instruction that describes a task. Write a response that appropriately completes the request.,18,0,True
10,10,1,msg_1,user,What is the capital of France?,7,31,False
10,10,2,msg_2,assistant,The capital city of France is Paris.,8,32,False
11,11,0,msg_0,system,Below is an instruction that describes a task. Write a response that appropriately completes the request.,18,0,True
11,11,1,msg_1,user,Generate a list of ten items a person might need for a camping trip,14,34,False
11,11,2,msg_2,assistant,"Here are ten items a person might need for a camping trip:

1. Tent - to provide shelter and protection from the elements
2. Sleeping bag - to stay warm and comfortable while sleeping
3. Portable stove or campfire grill - for cooking meals
4. Cooler with ice or ice packs - to keep perishable food and drinks cold
5. Lantern or flashlight - to provide light during the night
6. First aid kit - for minor injuries or ailments
7. Map and compass or GPS - for navigation on hikes or exploring the area
8. Camp chairs or folding chairs - for comfortable seating around the campsite
9. Insect repellent - to protect against bug bites
10. Sunscreen - to protect against sunburn.",151,35,False
12,12,0,msg_0,system,Below is an instruction that describes a task. Write a response that appropriately completes the request.,18,0,True
12,12,1,msg_1,user,Discuss the causes of the Great Depression,7,37,False
12,12,2,msg_2,assistant,"The Great Depression was a period of economic decline that lasted from 1929-1939, making it the longest-lasting depression in modern history. It affected not only the United States but countries around the world, causing substantial social and economic upheaval.

There were several major causes of the Great Depression, which include:

1. Stock Market Crash of 1929 - In October of 1929, the stock market experienced a significant fall that wiped out millions of investors. This event is considered by many to be the initial trigger of the Great Depression.

2. Overproduction - During the 1920s, many industries produced more goods than consumers wanted or could afford. This ultimately led to a decline in demand for goods, causing job loss, lower wages, and business failure.

3. High Tariffs and War Debts - Protectionist trade policies in the form of high tariffs led to a decline in global trade, as other countries retaliated with tariffs of their own. Additionally, many countries were struggling to repay war debts, which led to economic instability.

4. Bank Failures - As demand for goods declined, many banks began to fail, causing a loss of confidence in the banking system. This led to a massive withdrawal of money from banks, causing even more banks to fail.

5. Drought Conditions - The Dust Bowl was a severe drought and dust storm that hit the Great Plains region of the United States in the 1930s. This had a significant impact on agriculture, causing many farmers to lose their land and livelihoods which worsened the effects of the depression.

Overall, the Great Depression was caused by a combination of factors, including economic, environmental, and political factors. Its impact was widespread, affecting millions of people around the world.",352,38,False
13,13,0,msg_0,system,"Below is an instruction that describes a task, paired with an input that provides further context. Write a response that appropriately completes the request.",27,18,True
13,13,1,msg_1,user,"Classify the following into animals, plants, and minerals

### Input:
Oak tree, copper ore, elephant",22,40,False
13,13,2,msg_2,assistant,"Animals: Elephant
Plants: Oak tree
Minerals: Copper ore",14,41,False
14,14,0,msg_0,system,Below is an instruction that describes a task. Write a response that appropriately completes the request.,18,0,True
14,14,1,msg_1,user,Explain the use of word embeddings in Natural Language Processing,10,43,False
14,14,2,msg_2,assistant,"Word embeddings are a type of natural language processing technique used to map words or phrases from a vocabulary to vectors of real numbers. The idea is to represent words in a continuous vector space, where the similarity between words can be measured by the distance between their corresponding vectors. This can be done using algorithms such as Word2Vec or GloVe, among others.

The use of word embeddings has revolutionized the field of Natural Language Processing, as it allows computers to understand text in a much more meaningful way than simply looking at the presence or absence of individual words. For example, when using word embeddings, the computer can understand that the words ""dog"" and ""puppy"" are closely related, while the words ""dog"" and ""umbrella"" are not.

Word embeddings are used in a wide variety of NLP tasks, including text classification, sentiment analysis, machine translation, named entity recognition, and many others. They form the basis for many advanced language processing techniques, such as deep learning and neural machine translation.",203,44,False
15,15,0,msg_0,system,Below is an instruction that describes a task. Write a response that appropriately completes the request.,18,0,True
15,15,1,msg_1,user,Describe the function of a computer motherboard,7,46,False
15,15,2,msg_2,assistant,"The motherboard, also known as the mainboard or system board, is the central printed circuit board in a computer. It serves as the backbone or foundation for a computer, connecting all the different components such as the CPU, RAM, storage drives, expansion cards, and peripherals. The motherboard manages communication and data transfer between these components, allowing them to work together and perform their designated tasks.

The motherboard also includes important circuitry such as the power regulation circuit that provides power to the different components, and the clock generator which synchronizes the operation of these components. It also contains the BIOS (basic input/output system), which is a firmware that controls the boot process and provides an interface for configuring and managing the computer's hardware. Other features on a motherboard may include built-in networking, audio, and video capabilities.

Overall, the function of a computer motherboard is to provide a platform for the integration and operation of all the various components that make up a computer, making it an essential part of any computing system.",199,47,False
16,16,0,msg_0,system,"Below is an instruction that describes a task, paired with an input that provides further context. Write a response that appropriately completes the request.",27,18,True
16,16,1,msg_1,user,"Refactor this code and add comments.

### Input:
def factorialize(num):
  factorial = 1
  for i in range(1, num):
    factorial *= i
  
  return factorial",40,49,False
16,16,2,msg_2,assistant,"```
# This is a function that calculates the factorial of a given number
def factorialize(num):
  # Set the variable 'factorial' to 1
  factorial = 1
  # Iterate from 1 to 'num' using the range function
  for i in range(1, num):
    # Multiply the 'factorial' variable by the current number in the iteration
    factorial *= i
  # Return the final value of 'factorial'
  return factorial
```",103,50,False
17,17,0,msg_0,system,Below is an instruction that describes a task. Write a response that appropriately completes the request.,18,0,True
17,17,1,msg_1,user,Propose an ethical solution to the problem of data privacy,11,52,False
17,17,2,msg_2,assistant,"One ethical solution to the problem of data privacy is to enforce stricter regulations and standards that require companies to be transparent about how they collect, store, and use user data. This means that companies must explicitly state what data they are collecting from users, why they need this data, and how they plan to use it. Users will also have the right to access, modify, and delete their data at any time.

In addition, companies should prioritize implementing robust security measures to protect user data from unauthorized access and breaches. This could include measures such as encryption, multi-factor authentication, and regular security audits. In the event of a data breach, companies must be held accountable and must inform affected users in a timely manner.

Moreover, users should be empowered to make informed decisions about their data and privacy. This can be achieved by raising awareness about data privacy and providing tools and resources to help individuals better manage their personal information online.

Ultimately, ensuring data privacy is a shared responsibility between companies and users. Companies must be committed to safeguarding user data, while users must take an active role in protecting their personal information. By working together, we can create a safer and more ethical data landscape.",235,53,False
18,18,0,msg_0,system,Below is an instruction that describes a task. Write a response that appropriately completes the request.,18,0,True
18,18,1,msg_1,user,"Generate three verbs that mean the same as ""to apologize""",12,55,False
18,18,2,msg_2,assistant,"1. To express regret
2. To atone
3. To make amends",18,56,False
19,19,0,msg_0,system,Below is an instruction that describes a task. Write a response that appropriately completes the request.,18,0,True
19,19,1,msg_1,user,What does DNA stand for?,6,58,False
19,19,2,msg_2,assistant,"DNA stands for Deoxyribonucleic Acid. It is the molecule that carries the genetic instructions used in the growth, development, functioning, and reproduction of all living organisms.",36,59,False
20,20,0,msg_0,system,Below is an instruction that describes a task. Write a response that appropriately completes the request.,18,0,True
20,20,1,msg_1,user,Compare and contrast the Cuban Missile Crisis and the Vietnam War.,12,61,False
20,20,2,msg_2,assistant,"The Cuban Missile Crisis (1962) and the Vietnam War (1955-1975) were two pivotal events in US history that occurred during the Cold War. Although both events were characterized by heightened tensions between the United States and Communist powers, they had some key differences that set them apart.

The Cuban Missile Crisis was a 13-day political and military standoff between the United States and the Soviet Union over the installation of Soviet nuclear missiles in Cuba, just 90 miles from US shores. In contrast, the Vietnam War was a prolonged conflict that lasted for almost two decades, involving the US, South Vietnam, North Vietnam, and other Communist allies. The war was a result of the US attempting to contain the spread of communism in Southeast Asia.

The Cuban Missile Crisis is often considered the closest the world ever came to nuclear war, with the US and the Soviet Union coming to the brink of a full-scale confrontation. Ultimately, a peaceful resolution was reached, with the Soviet Union agreeing to remove the missiles from Cuba in exchange for a US promise not to invade Cuba and a secret agreement to remove US missiles from Turkey. In contrast, the Vietnam War resulted in significant devastation, with millions of lives lost, many more injured, and widespread destruction of infrastructure.

Another major difference between the two events was domestic support. During the Cuban Missile Crisis, there was widespread public support for the US government's actions, and President Kennedy's handling of the situation is often cited as one of his greatest accomplishments. However, the Vietnam War was deeply unpopular among the American public, and anti-war sentiment grew steadily over the years. The war resulted in a significant loss of faith in the US government and military, and it is still remembered as one of the most divisive conflicts in American history.

In conclusion, while the Cuban Missile Crisis and the Vietnam War were both major events in the Cold War, they differed in their duration, outcome, and domestic support. The Cuban Missile Crisis was a short, intense standoff that was resolved peacefully, whereas the Vietnam War was a prolonged conflict that resulted in widespread devastation and was deeply unpopular at home.",423,62,False
21,21,0,msg_0,system,Below is an instruction that describes a task. Write a response that appropriately completes the request.,18,0,True
21,21,1,msg_1,user,Generate a list of random words.,7,64,False
21,21,2,msg_2,assistant,"Here is a list of ten random words: 

1. Quibble
2. Avarice
3. Embellish
4. Resonance
5. Mercurial
6. Conflagration
7. Indefatigable
8. Mischievous
9. Delineate
10. Paragon",68,65,False
22,22,0,msg_0,system,"Below is an instruction that describes a task, paired with an input that provides further context. Write a response that appropriately completes the request.",27,18,True
22,22,1,msg_1,user,"Based on the information provided, rewrite the sentence by changing its tense from past to future.

### Input:
She played the piano beautifully for hours and then stopped as it was midnight.",36,67,False
22,22,2,msg_2,assistant,She will play the piano beautifully for hours and then stop as it will be midnight.,17,68,False
23,23,0,msg_0,system,Below is an instruction that describes a task. Write a response that appropriately completes the request.,18,0,True
23,23,1,msg_1,user,Who is the world's most famous painter?,8,70,False
23,23,2,msg_2,assistant,"The title of the world's most famous painter is subjective and can vary depending on an individual's personal opinion. However, many people consider Leonardo da Vinci, a famous artist of the Italian Renaissance, as one of the most famous painters in the world. He is known for his iconic works including the ""Mona Lisa"" and ""The Last Supper."" Other notable painters often cited as being among the most famous in the world include Vincent van Gogh, Pablo Picasso, and Michelangelo.",95,71,False
24,24,0,msg_0,system,Below is an instruction that describes a task. Write a response that appropriately completes the request.,18,0,True
24,24,1,msg_1,user,Explain the concept of cogging torque.,8,73,False
24,24,2,msg_2,assistant,"Cogging torque is a torque that's produced by the interaction between the magnetic field of the stator (the stationary component in an electric motor or generator) and the rotor (the rotating component). This interaction produces a magnetic attraction between the stator teeth and the rotor poles. This scenario leads to an uneven torque, which makes the motor to experience a jerky motion instead of smooth rotation.

Cogging torque is mainly experienced in motors with a large number of turns in the rotor and stator windings and when the motor has a small air gap. The cogging effect can be reduced by skewing the stator or rotor slots or by choosing the number of stator and rotor slots accordingly. A proper design reduces the cogging torque, thus resulting in smooth and continuous rotation.",155,74,False
25,25,0,msg_0,system,Below is an instruction that describes a task. Write a response that appropriately completes the request.,18,0,True
25,25,1,msg_1,user,Look up the boiling point of water.,8,76,False
25,25,2,msg_2,assistant,The boiling point of water is 100 degrees Celsius or 212 degrees Fahrenheit at standard atmospheric pressure.,20,77,False
26,26,0,msg_0,system,Below is an instruction that describes a task. Write a response that appropriately completes the request.,18,0,True
26,26,1,msg_1,user,Describe the life and reign of King Charles II.,10,79,False
26,26,2,msg_2,assistant,"King Charles II was the monarch of England, Scotland, and Ireland from 1660 to 1685. Born on May 29, 1630, he was the son of King Charles I and Queen Henrietta Maria. During his father's reign, England was embroiled in civil war between the royalists who supported the monarchy and the parliamentarians who sought to limit its powers. Eventually, the parliamentarians, led by Oliver Cromwell, emerged victorious, and Charles I was executed in 1649.

Charles II went into exile and lived for a time in France and the Netherlands. In 1660, following the death of Cromwell and the collapse of the Commonwealth government, Charles was invited back to England and restored to the throne.

His reign, often referred to as the Restoration, was marked by a period of relative stability and prosperity. Charles re-established the Church of England as the national church, and he worked to rebuild the country after the devastation of the civil wars. He also pursued a policy of religious tolerance, issuing the Declaration of Indulgence in 1672, which granted freedom of worship to non-Anglican Protestants.

Charles was also known for his interest in science and the arts, and he was a patron of the Royal Society, a scientific organization founded in 1660. His court was known for its extravagance and hedonism, and Charles himself had a reputation as a womanizer.

In the later years of his reign, Charles faced increasing opposition from parliament, particularly over his pro-Catholic policies and his attempts to bypass their authority. In 1678, the Test Act was passed, requiring all officeholders to swear an oath against Catholicism, which Charles reluctantly signed.

Charles died on February 6, 1685, and was succeeded by his brother James II. He is remembered as a popular and charismatic monarch who helped to restore stability to England after a period of turmoil.",388,80,False
27,27,0,msg_0,system,"Below is an instruction that describes a task, paired with an input that provides further context. Write a response that appropriately completes the request.",27,18,True
27,27,1,msg_1,user,"Find the area of a circle given its radius.

### Input:
Radius = 4",17,82,False
27,27,2,msg_2,assistant,"The formula to find the area of a circle is A = πr^2, where ""A"" is the area of the circle and ""r"" is the radius. Substituting the given value of the radius in the formula:

A = π(4^2)
A = 16π

Thus, the area of the circle with the radius of 4 units is 16π square units.",83,83,False
28,28,0,msg_0,system,Below is an instruction that describes a task. Write a response that appropriately completes the request.,18,0,True
28,28,1,msg_1,user,Identify the lines of longitude that divides North and South America.,12,85,False
28,28,2,msg_2,assistant,"The line of longitude that divides North and South America is the 77° 00' 0"" or 77°W which is also known as the Panama-Colombia border.",37,86,False
29,29,0,msg_0,system,Below is an instruction that describes a task. Write a response that appropriately completes the request.,18,0,True
29,29,1,msg_1,user,Explain the process of cellular respiration in plants.,9,88,False
29,29,2,msg_2,assistant,"Cellular respiration in plants is the process by which they convert glucose into ATP, a molecule used as the primary energy source by cells. This process is similar to the one in animals, and it involves various enzymatic reactions.

In plants, cellular respiration usually occurs in the mitochondria, and the process can be divided into three stages: glycolysis, the citric acid cycle (also known as the Krebs cycle), and the electron transport chain.

During glycolysis, a molecule of glucose is broken down into two molecules of pyruvate. This process takes place in the cytoplasm of the cell and produces two molecules of ATP and two of NADH, a molecule that carries electrons.

The next stage, the citric acid cycle, takes place inside the mitochondria. Here, the two pyruvate molecules produced in glycolysis are further broken down to produce ATP, NADH, and FADH2, another molecule that carries electrons.

Finally, in the electron transport chain, the NADH and FADH2 molecules produced in the previous stages carry electrons to a series of protein complexes embedded in the inner membrane of the mitochondrion. These electrons produce a flow of protons across the membrane, creating a gradient that drives the production of ATP through a process known as chemiosmosis.

In summary, cellular respiration in plants is a process that involves the breakdown of glucose to produce ATP, which is used as the primary energy source by cells. This process occurs in the mitochondria and involves several stages including glycolysis, the citric acid cycle, and the electron transport chain.",318,89,False
30,30,0,msg_0,system,"Below is an instruction that describes a task, paired with an input that provides further context. Write a response that appropriately completes the request.",27,18,True
30,30,1,msg_1,user,"Rewrite the following sentence using active voice.

### Input:
The news report was read by the captain.",20,91,False
30,30,2,msg_2,assistant,The captain read the news report.,7,92,False
31,31,0,msg_0,system,Below is an instruction that describes a task. Write a response that appropriately completes the request.,18,0,True
31,31,1,msg_1,user,Generate a list of adjectives that describe a person as brave.,12,94,False
31,31,2,msg_2,assistant,"1. Courageous
2. Fearless
3. Bold
4. Valiant
5. Intrepid
6. Daring
7. Unflinching
8. Undaunted
9. Resolute
10. Gallant
11. Plucky
12. Heroic
13. Lionhearted
14. Stouthearted
15. Audacious.",79,95,False
32,32,0,msg_0,system,Below is an instruction that describes a task. Write a response that appropriately completes the request.,18,0,True
32,32,1,msg_1,user,Outline the consequences of deforestation.,7,97,False
32,32,2,msg_2,assistant,"Deforestation, or the large-scale removal of trees from a forested area, has numerous consequences that can have significant impacts on the environment, economy, and local communities. Some of the consequences of deforestation include:

1. Loss of biodiversity: Forests are home to a wide variety of plant and animal species, many of which rely on the forest for their survival. Removing large areas of trees can destroy their habitat, leading to a loss of biodiversity.

2. Soil erosion: Trees and their root systems help hold soil in place and prevent erosion. Deforestation can leave soil exposed and vulnerable to being washed away during heavy rain or strong winds.

3. Climate change: Forests play an important role in helping to regulate the earth's climate by storing carbon dioxide. When trees are removed, the stored carbon dioxide is released into the atmosphere, contributing to climate change.

4. Loss of livelihoods: Many indigenous and local communities rely on forests for their livelihoods, using the wood for fuel, building materials, and food. Deforestation can have a devastating impact on these communities, leaving them without resources or the means to support themselves.

5. Economic impact: Forests provide a variety of valuable resources, including wood, paper, and other forest products. Deforestation can reduce the availability of these resources, impacting the economy and industries that rely on them.

6. Flooding: Forests help to absorb and store water, reducing the risk of flooding in nearby areas. Deforestation can increase the risk of flooding, causing damage to homes, infrastructure, and crops.

Overall, deforestation can have a wide range of negative impacts, affecting not only the environment but also the economy and local communities. It is important to find sustainable ways to manage forest resources to prevent deforestation and its associated consequences.",361,98,False
33,33,0,msg_0,system,Below is an instruction that describes a task. Write a response that appropriately completes the request.,18,0,True
33,33,1,msg_1,user,Develop a plan to reduce electricity usage in a home.,11,100,False
33,33,2,msg_2,assistant,"1. Analyze current electricity usage: Begin by collecting data about the current electricity usage in the home, including the average monthly bill, and identify the appliances and devices that consume the most electricity.

2. Replace inefficient appliances: Upgrade or replace outdated and energy-inefficient appliances with ENERGY STAR-certified appliances that consume less electricity while providing the same functionality.

3. Use LED lighting: Replace traditional light bulbs with energy-efficient LED bulbs, which use up to 75% less energy and last up to 25 times longer.

4. Unplug devices when not in use: Many electronic devices such as chargers, TVs, and computers consume power even when they are turned off. Unplug devices when they’re not in use to reduce electricity consumption.

5. Use smart power strips: Consider using smart power strips, which automatically cut power to devices that are not in use, thereby reducing standby power consumption.

6. Adjust the thermostat: Heating and cooling can account for up to half of a home’s total energy consumption. Adjust the thermostat and use programmable or smart thermostats to reduce heating or cooling usage when no one is at home, or at night.

7. Install weather stripping: Install weather stripping around doors and windows to prevent air leaks, thus reducing the load on heating and cooling systems.

8. Use natural lighting: Take advantage of natural daylight whenever possible by opening blinds and curtains during the day and avoiding the use of artificial lighting.

9. Encourage energy-saving behaviors: Educate household members about energy-saving habits, such as turning off lights when leaving a room, taking shorter showers, and running the dishwasher and washing machine only when they are full.

10. Monitor electricity usage regularly: Keep track of electricity usage on a regular basis, and make necessary adjustments to the energy-saving plan based on the results.",359,101,False
34,34,0,msg_0,system,"Below is an instruction that describes a task, paired with an input that provides further context. Write a response that appropriately completes the request.",27,18,True
34,34,1,msg_1,user,"Arrange the words in the given sentence to form a grammatically correct sentence.

### Input:
quickly the brown fox jumped",24,103,False
34,34,2,msg_2,assistant,The brown fox jumped quickly.,6,104,False
35,35,0,msg_0,system,"Below is an instruction that describes a task, paired with an input that provides further context. Write a response that appropriately completes the request.",27,18,True
35,35,1,msg_1,user,"Analyze the given text for its tone.

### Input:
The world has been greatly impacted by the COVID-19 pandemic and it has drastically changed our lives.",31,106,False
35,35,2,msg_2,assistant,"The tone of the text is serious and somber. The use of terms such as ""greatly impacted,"" ""drastically changed,"" and ""pandemic"" suggest the seriousness and gravity of the situation, and convey a sense of heaviness and concern.",52,107,False
36,36,0,msg_0,system,Below is an instruction that describes a task. Write a response that appropriately completes the request.,18,0,True
36,36,1,msg_1,user,The sum of the digits of the year 2004 is 6. What is the first year after 2000 for which the sum of the digits is 12?,35,109,False
36,36,2,msg_2,assistant,"To find the first year after 2000 for which the sum of the digits is 12, take the greatest possible units digit, 9. 2+9=11, so take 1 as the tens digit and 0 as the hundreds digit. The answer is therefore 2019.",61,110,False
37,37,0,msg_0,system,"Below is an instruction that describes a task, paired with an input that provides further context. Write a response that appropriately completes the request.",27,18,True
37,37,1,msg_1,user,"Rewrite the given paragraph in a shorter, easier to understand form.

### Input:
Although it is generally accepted that the internet has allowed us to connect with people all over the world, there are still those people who are not familiar with its basic functions, who don’t understand why it has become so commonplace, or what its true capabilities are.",68,112,False
37,37,2,msg_2,assistant,"Some people don't understand the internet's basic functions, its common use and full potential, despite its ability to connect us globally.",25,113,False
38,38,0,msg_0,system,Below is an instruction that describes a task. Write a response that appropriately completes the request.,18,0,True
38,38,1,msg_1,user,"Use the following pieces of context to answer the question at the end. If you don't know the answer, just say that you don't know, don't try to make up an answer.

Founded in the 13th century, Berlin has had an eventful history. Excavations from 2008 suggest that the city may be even older than was previously assumed: state archaeologists have discovered an oak beam that probably dates back to 1183.

Almost no other metropolis has experienced such frequent, radical change transforming the face of the city. Although Berlin saw steady growth in its importance, dazzling epochs alternated with darker eras. Nevertheless, the formerly divided city has succeeded in becoming a vibrant metropolis in the heart of Europe.

Question: What is the best restaurant in Berlin?",152,115,True
38,38,2,msg_2,assistant,"I'm sorry, I cannot answer that question as the context given does not provide information about the best restaurant in Berlin.",23,116,False
39,39,0,msg_0,system,Below is an instruction that describes a task. Write a response that appropriately completes the request.,18,0,True
39,39,1,msg_1,user,Generate a poem that expresses joy.,7,118,False
39,39,2,msg_2,assistant,"A burst of laughter, a sprinkle of cheer
Moments of joy that we hold so dear
A leap of faith, a smile so wide
A feeling of warmth that blooms inside

The sun shining bright, the sky so blue
A colorful world, a stunning view
A hug so tight, a word so kind
A happy heart, a peaceful mind

Dancing to the rhythm, singing out loud
Being yourself, standing out from the crowd
Embrace the little things that make us glow
And let the joy within you overflow

Happiness is a journey, not a place to be
A state of mind, just let it be free
Spread the joy, wherever you go
And the world will shine, with a radiant glow.",153,119,False
40,40,0,msg_0,system,Below is an instruction that describes a task. Write a response that appropriately completes the request.,18,0,True
40,40,1,msg_1,user,"Find the real root of the equation 
 sqrt(x) + sqrt(x+2) = 10.
",21,121,False
40,40,2,msg_2,assistant,"Subtracting sqrt(x) from both sides and then squaring, we get 
 x+2 = (10-sqrt(x))^2 = x - 20sqrt(x) + 100.
Therefore, 20sqrt(x) = 98, so sqrt(x) = 98/20 = 49/10. Therefore, x = (49/10)^2 = 2401/100, or x = 24.01.",91,122,False
41,41,0,msg_0,system,Below is an instruction that describes a task. Write a response that appropriately completes the request.,18,0,True
41,41,1,msg_1,user,Brainstorm possible solutions to reduce water pollution.,9,124,False
41,41,2,msg_2,assistant,"1. Regulate Industrial Discharges: Governments should enforce strict regulations on industries to control and reduce the amount of chemicals and pollutants they release into water bodies.

2. Promote Eco-Friendly Agriculture: Farmers should be encouraged to use eco-friendly agricultural methods to reduce water pollution. This can include measures such as reducing the use of fertilizers and pesticides, and using natural methods to control pests.

3. Increase Public Awareness: There should be an increased public awareness campaign on the dangers of water pollution and the steps that individuals can take to reduce it. Simple actions such as properly disposing of hazardous household waste, reducing the use of single-use plastics, and conserving water can go a long way in reducing water pollution.

4. Improve Sewage and Wastewater Treatment: Governments should invest in improving sewage and wastewater treatment facilities to ensure that they are efficient and effective in removing contaminants from waste before it is released into water bodies.

5. Promote Green Energy: The use of green energy sources such as solar and wind power can reduce the amount of pollutants released by fossil fuels into water bodies. Governments should provide incentives to individuals and industries to switch to green energy sources.

6. Monitor Water Quality: Regular monitoring of water quality in rivers, lakes, and oceans can help to identify sources of pollution and take appropriate measures to reduce it.

7. Cleanup and Restoration: Governments should invest in cleaning up polluted water bodies and restoring their natural ecosystems. This can include measures such as removing pollutants, planting vegetation to prevent erosion, and reintroducing native species.

8. Strengthen and Enforce Environmental Laws: Strong environmental laws and regulations, as well as their strict enforcement, can help to reduce water pollution. Governments should take measures to ensure that violators are punished and that the laws are effective in protecting water resources.",354,125,False
42,42,0,msg_0,system,"Below is an instruction that describes a task, paired with an input that provides further context. Write a response that appropriately completes the request.",27,18,True
42,42,1,msg_1,user,"Explain why the given definition is wrong.

### Input:
A mole is an animal that lives underground.",20,127,False
42,42,2,msg_2,assistant,"While it is true that a mole is an animal that lives underground, this definition is incomplete and could be misunderstood because it does not adequately describe the mole's characteristics or biological classification. Moles belong to the family of mammals called Talpidae, and they are small, burrowing, and insectivorous. They are known for their cylindrical bodies, short limbs, and small eyes and ears. The definition also does not differentiate the animal from the chemical term mole, which refers to a unit of measurement used in chemistry. For these reasons, the given definition of a mole is not entirely accurate or clearly descriptive.",122,128,False
43,43,0,msg_0,system,Below is an instruction that describes a task. Write a response that appropriately completes the request.,18,0,True
43,43,1,msg_1,user,Variable x is defined as “4x + 2y = 10”. Find the value of x.,22,130,False
43,43,2,msg_2,assistant,"Given the equation 4x + 2y = 10, there are infinitely many solutions for the value of x, depending on the value of y. In other words, the value of x is dependent on the value of y.

However, it is still possible to express x in terms of y. To do so, we can rearrange the equation to solve for x:

4x + 2y = 10
4x = 10 - 2y
x = (10 - 2y)/4

So, according to the equation, the value of x is (10 - 2y)/4. Without knowing the specific value of y, it is not possible to determine the exact value of x.",149,131,False
44,44,0,msg_0,system,"Below is an instruction that describes a task, paired with an input that provides further context. Write a response that appropriately completes the request.",27,18,True
44,44,1,msg_1,user,"Write a short paragraph about the given topic.

### Input:
The importance of using renewable energy",18,133,False
44,44,2,msg_2,assistant,"The importance of using renewable energy cannot be overstated. Renewable energy sources, such as solar, wind, and hydro power, can be replenished naturally in a short period of time, unlike fossil fuels, which are finite. Utilizing renewable energy reduces greenhouse gas emissions, thus helping to mitigate the effects of climate change. Moreover, it reduces our reliance on non-renewable sources of energy, promoting energy independence, and security. Additionally, renewable energy sources are often cheaper in the long run and can create job opportunities in the green energy sector. Therefore, transitioning to renewable energy is crucial for the health of the planet and the sustainability of our future.",129,134,False
45,45,0,msg_0,system,Below is an instruction that describes a task. Write a response that appropriately completes the request.,18,0,True
45,45,1,msg_1,user,Explain the concept of artificial intelligence in simple terms.,10,136,False
45,45,2,msg_2,assistant,"Artificial Intelligence, commonly known as AI, is basically the development of computer systems that can perform tasks that would normally require human intelligence. These tasks can include things like language translation, decision-making, visual perception, speech recognition, and even playing complex strategy games.

In simpler terms, AI is when computers and machines can do things that normally only humans can do, like thinking, reasoning and problem-solving. This is achieved by creating algorithms, or sets of rules, that can help the computer learn on its own and make decisions based on data.

Overall, AI is a fascinating and powerful technology that enables computers to learn, adapt and improve in ways that were previously thought impossible.",133,137,False
46,46,0,msg_0,system,Below is an instruction that describes a task. Write a response that appropriately completes the request.,18,0,True
46,46,1,msg_1,user,Design an app for a delivery company.,8,139,False
46,46,2,msg_2,assistant,"The delivery company app would provide an efficient way for customers to manage all their delivery needs in one place. Here are the key features of this app:

1. User Account: Customers will be able to create a personal account to track their delivery orders and view their account history. Through the account, they can edit their personal information, contact details, and addresses.

2. Order Placement: Customers can place their delivery orders on the app, either by selecting their desired items or by uploading an image of their shopping list. Orders can be scheduled for specific dates and times or placed on a recurring basis.

3. Real-time tracking: Customers can track their orders in real-time on a map, with updates on the estimated time of arrival.

4. In-app communication: The customer will be able to communicate with the delivery driver about delivery instructions, schedules or special requests through an in-app chat function.

5. Delivery confirmation: After the delivery is complete, the customer will receive a notification, and they will be able to confirm the delivery and rate the service.

6. Payment: Customers will be able to add their preferred payment method to the app, such as a credit card or through a mobile payment system, and transactions will be processed seamlessly.

7. Customer Support: Customers will able to access the help center, where they can report any issues, get answers to their questions, or call customer support directly from the app.

Overall, this delivery app will provide an intuitive and user-friendly interface for customers, making the delivery process seamless and stress-free.",308,140,False
47,47,0,msg_0,system,"Below is an instruction that describes a task, paired with an input that provides further context. Write a response that appropriately completes the request.",27,18,True
47,47,1,msg_1,user,"Summarize the given passage.

### Input:
A recent study showed that global climate change is one of the most important challenges facing the world today. The consequences of global warming include rising sea levels, extreme weather events and biodiversity loss. Climate change is caused by human activities such as burning fossil fuels, and if unchecked will have long-term and devastating impacts on the planet.",74,142,False
47,47,2,msg_2,assistant,The passage discusses a study that highlights the significance of global climate change as a challenge. It goes on to mention the consequences such as rising sea levels and loss of biodiversity. Climate change is caused by human activities with potential for long-term devastating impacts if not addressed.,52,143,False
48,48,0,msg_0,system,"Below is an instruction that describes a task, paired with an input that provides further context. Write a response that appropriately completes the request.",27,18,True
48,48,1,msg_1,user,"Extract the facts from the paragraph.

### Input:
Online education continues to become more popular for schools and students alike. Its advantages are generally lower costs, less commitment and the ability to study at a time, place and pace that suits the student.",49,145,False
48,48,2,msg_2,assistant,"1. Online education is increasing in popularity for both schools and students.
2. Advantages of online education include lower costs and less commitment. 
3. With online education, students can study at a time, place, and pace that suits them.",49,146,False
49,49,0,msg_0,system,"Below is an instruction that describes a task, paired with an input that provides further context. Write a response that appropriately completes the request.",27,18,True
49,49,1,msg_1,user,"Edit the following sentence to make it more concise.

### Input:
He ran to the bus stop in order to catch the bus that was due to arrive in five minutes.",34,148,False
49,49,2,msg_2,assistant,He ran to the bus stop to catch the arriving bus in five minutes.,15,149,False
50,50,0,msg_0,system,Below is an instruction that describes a task. Write a response that appropriately completes the request.,18,0,True
50,50,1,msg_1,user,Generate a poem with 10 lines.,8,151,False
50,50,2,msg_2,assistant,"A meadow filled with flowers, colorful and bright,
A sky of endless blue in the warm sunlight,
Birds singing melodies so pure and so true,
Nature's beauty bursting with every hue.

The rustling of leaves in a gentle breeze,
The buzzing of bees, busy as you please,
A river flowing with grace and with ease,
All coming together in perfect harmony.

The wonder of creation so vast and so grand,
Nature's poetry in the palm of your hand.",94,152,False
51,51,0,msg_0,system,Below is an instruction that describes a task. Write a response that appropriately completes the request.,18,0,True
51,51,1,msg_1,user,"Use the following pieces of context to answer the question at the end. If you don't know the answer, just say that you don't know, don't try to make up an answer.

Founded in the 13th century, Berlin has had an eventful history. Excavations from 2008 suggest that the city may be even older than was previously assumed: state archaeologists have discovered an oak beam that probably dates back to 1183.

Almost no other metropolis has experienced such frequent, radical change transforming the face of the city. Although Berlin saw steady growth in its importance, dazzling epochs alternated with darker eras. Nevertheless, the formerly divided city has succeeded in becoming a vibrant metropolis in the heart of Europe.

Question: What is the best restaurant in Berlin?",152,115,True
51,51,2,msg_2,assistant,Berlin was founded in the 13th century.,10,155,False
52,52,0,msg_0,system,Below is an instruction that describes a task. Write a response that appropriately completes the request.,18,0,True
52,52,1,msg_1,user,A recipe for 30 cookies requires two cups of flour among its ingredients. Eduardo wants to bake five dozen cookies. How many cups of flour will he need to use in his adjusted recipe?,38,157,False
52,52,2,msg_2,assistant,"Eduardo wants to make twice as many cookies as the recipe makes. Therefore, he must double the amount of flour required: (2 cups)×2=4 cups.",35,158,False
53,53,0,msg_0,system,Below is an instruction that describes a task. Write a response that appropriately completes the request.,18,0,True
53,53,1,msg_1,user,Calculate the total surface area of a cube with a side length of 5 cm.,17,160,False
53,53,2,msg_2,assistant,"The surface area of a cube is found by calculating the area of one of its faces and multiplying it by six (since a cube has six faces). The area of a cube face is simply its side length squared.

Thus for this particular cube:

Surface Area = 6 × (Side Length)² 
             = 6 × (5 cm)²
             = 6 × 25 cm²
             = 150 cm²

The total surface area of this cube is 150 square centimeters.",102,161,False
54,54,0,msg_0,system,Below is an instruction that describes a task. Write a response that appropriately completes the request.,18,0,True
54,54,1,msg_1,user,What is the force on a 1 kg mass due to the gravitational force?,16,163,False
54,54,2,msg_2,assistant,"The force on a 1 kg mass due to gravity is approximately 9.8 Newtons. This is calculated using the formula F = mg, where F is the force, m is the mass, and g is the acceleration due to gravity. The approximate value of g on the surface of Earth is 9.8 m/s^2. Therefore, the force on a 1 kg mass due to gravity is 1 kg * 9.8 m/s^2 = 9.8 N.",103,164,False
55,55,0,msg_0,system,Below is an instruction that describes a task. Write a response that appropriately completes the request.,18,0,True
55,55,1,msg_1,user,Provide one example for a cultural practice.,8,166,False
55,55,2,msg_2,assistant,"One example of a cultural practice is the traditional tea ceremony in Japan, known as the Chanoyu. The ceremony involves the preparation and presentation of matcha, a powdered green tea. It is a ritual deeply ingrained in Japanese culture and is centered around the principles of harmony, respect, purity and tranquility. The ceremony is not just about drinking tea, but rather about the aesthetics and the preparation of the tea, the interaction between the host and the guests, and the appreciation of the moment.",98,167,False
56,56,0,msg_0,system,"Below is an instruction that describes a task, paired with an input that provides further context. Write a response that appropriately completes the request.",27,18,True
56,56,1,msg_1,user,"Given a set of numbers, find the maximum value.

### Input:
Set: {10, 3, 25, 6, 16}",31,169,False
56,56,2,msg_2,assistant,"The maximum value in the set {10, 3, 25, 6, 16} is 25.",25,170,False
57,57,0,msg_0,system,Below is an instruction that describes a task. Write a response that appropriately completes the request.,18,0,True
57,57,1,msg_1,user,Give two examples of a liquid.,7,172,False
57,57,2,msg_2,assistant,"Here are two examples of a liquid:

1. Water: Water is a clear, colorless and odorless liquid that is vital for all forms of life. It exists in lakes, rivers, oceans, and even underground.

2. Oil: Oil is a viscous liquid that is derived from petroleum. It is typically used as a fuel or lubricant in various industries, such as transportation and manufacturing.",80,173,False
58,58,0,msg_0,system,Below is an instruction that describes a task. Write a response that appropriately completes the request.,18,0,True
58,58,1,msg_1,user,What is the product of 6 and 2?,11,175,False
58,58,2,msg_2,assistant,The product of 6 and 2 is 12.,12,176,False
59,59,0,msg_0,system,Below is an instruction that describes a task. Write a response that appropriately completes the request.,18,0,True
59,59,1,msg_1,user,What type of plant is a skunk cabbage?,10,178,False
59,59,2,msg_2,assistant,"The skunk cabbage (Symplocarpus foetidus) is a perennial, low-growing plant that is native to wetlands, swamps, and streamsides in eastern North America. It is named for its distinctive, pungent odor, which is said to resemble the smell of a skunk. The plant has large, broad leaves and produces small flowers on a fleshy spadix that is enclosed by a hood-like spathe. Skunk cabbage is a member of the Araceae family, which also includes plants like philodendrons and peace lilies.",113,179,False
60,60,0,msg_0,system,Below is an instruction that describes a task. Write a response that appropriately completes the request.,18,0,True
60,60,1,msg_1,user,"The Happy Valley Kennel has 4 chickens, 2 dogs, and 5 cats. (Some people in Happy Valley like to keep chickens as pets!) In how many ways can the 11 animals be placed in a row of 11 cages, such that all of the animals of each type are in adjacent cages? (Two animals of the same species are considered distinguishable.)",77,181,False
60,60,2,msg_2,assistant,"To solve this problem, we first need to consider each group of animals separately. There are three groups of animals: chickens, dogs, and cats. We can order these groups in 3! ways.

Next, we need to order the individual animals within each group. There are 4! ways to arrange the chickens, 2! ways to arrange the dogs, and 5! ways to arrange the cats.

Multiplying all these values together, we get the total number of ways to arrange the animals: 3! x 4! x 2! x 5! = 34,560.",124,182,False
61,61,0,msg_0,system,Below is an instruction that describes a task. Write a response that appropriately completes the request.,18,0,True
61,61,1,msg_1,user,Name two types of desert biomes.,8,184,False
61,61,2,msg_2,assistant,"Two types of desert biomes are hot and dry desert, and cold desert.",16,185,False
62,62,0,msg_0,system,"Below is an instruction that describes a task, paired with an input that provides further context. Write a response that appropriately completes the request.",27,18,True
62,62,1,msg_1,user,"Given a sentence, convert it into passive voice.

### Input:
The dog barked at the alley cat.",22,187,False
62,62,2,msg_2,assistant,The alley cat was barked at by the dog.,11,188,False
63,63,0,msg_0,system,"Below is an instruction that describes a task, paired with an input that provides further context. Write a response that appropriately completes the request.",27,18,True
63,63,1,msg_1,user,"Transform the following sentence into the passive voice

### Input:
I bought a book",16,190,False
63,63,2,msg_2,assistant,A book was bought by me.,7,191,False
64,64,0,msg_0,system,"Below is an instruction that describes a task, paired with an input that provides further context. Write a response that appropriately completes the request.",27,18,True
64,64,1,msg_1,user,"Create a dialog between two people who are discussing a scientific phenomenon

### Input:
Hydropower",19,193,False
64,64,2,msg_2,assistant,"Person 1: Hey, have you heard of hydropower? 

Person 2: Yeah, I think that's when you use the energy of flowing water to generate electricity, right?

Person 1: Yes, exactly! The conversion of the energy in the kinetic motion of water into electrical energy.

Person 2: Oh, so like when water goes over a dam and spins the turbines, that also generates electricity.

Person 1: That's one way hydropower works, but there are a lot of other methods we can use to generate hydropower. For example, in coastal regions, they can build tidal barrages which utilize the energy from the rising and falling tides.

Person 2: That's amazing! I did not know that. Guess hydropower is a sustainable and environment-friendly energy source as well.

Person 1: That’s right, it’s a renewable energy source that has minimal pollution and can help reduce greenhouse gas emissions. But, on the downside, building dams is pretty expensive and can disrupt local ecosystems.

Person 2: Yeah, I guess that's right. The benefits definitely outweigh the challenges though, and it would be great if we can continue to develop and explore new ways of using hydropower for generating electricity.

Person 1: Absolutely, and it's not only about generating electricity but also about efficient water management. Harnessed properly, it can prove to be an answer to the global energy crisis.",289,194,False
65,65,0,msg_0,system,"Below is an instruction that describes a task, paired with an input that provides further context. Write a response that appropriately completes the request.",27,18,True
65,65,1,msg_1,user,"Identify the most suitable adverb for the following sentence

### Input:
She works",16,196,False
65,65,2,msg_2,assistant,"""Hard"" is the most suitable adverb for the sentence. The complete sentence would be: ""She works hard.""",24,197,False
66,66,0,msg_0,system,"Below is an instruction that describes a task, paired with an input that provides further context. Write a response that appropriately completes the request.",27,18,True
66,66,1,msg_1,user,"Find the main idea of the following passage

### Input:
Climate change is an increasingly contentious global issue. It is already having a drastic effect on the environment and human lives. We are already seeing an increase in extreme weather events and rising sea levels, both of which have a major impact on the planet.",61,199,False
66,66,2,msg_2,assistant,The main idea of the passage is that climate change is an important global issue that is severely impacting the environment and human lives through extreme weather events and rising sea levels.,33,200,False
67,67,0,msg_0,system,"Below is an instruction that describes a task, paired with an input that provides further context. Write a response that appropriately completes the request.",27,18,True
67,67,1,msg_1,user,"Analyze the tone of the following sentences

### Input:
I am so upset with you right now",19,202,False
67,67,2,msg_2,assistant,"The tone of the sentence ""I am so upset with you right now"" is angry and frustrated.",20,203,False
68,68,0,msg_0,system,"Below is an instruction that describes a task, paired with an input that provides further context. Write a response that appropriately completes the request.",27,18,True
68,68,1,msg_1,user,"Construct an argument to defend the following statement

### Input:
Alternative energy sources are critical to solving the climate crisis",22,205,False
68,68,2,msg_2,assistant,"Climate change is a global issue that has far-reaching and devastating effects on our planet, including rising temperatures, increased frequency and intensity of weather events, and negative impacts on wildlife and ecosystems. It is primarily caused by the burning of fossil fuels, which releases harmful pollutants into the atmosphere, including carbon dioxide, methane, and nitrous oxide. These greenhouse gases trap heat from the sun, and as their concentration in the atmosphere increases, so does the Earth's temperature. 

In order to combat climate change, it is essential that we transition away from fossil fuels and towards alternative energy sources. Alternative energy sources, such as solar, wind, hydro, and geothermal, generate electricity from renewable sources rather than fossil fuels, and thus produce much lower levels of greenhouse gas emissions. By reducing our carbon footprint through the use of these clean energy sources, we can prevent further warming of the planet and mitigate the harmful effects of climate change.

Moreover, alternative energy sources provide a sustainable and long-term solution to our energy needs. Fossil fuel reserves are finite, and will eventually be depleted, while renewable energy sources can provide a constant and reliable source of power. This not only makes our energy supply more secure and independent, but also helps to reduce our reliance on non-renewable resources.

In conclusion, the adoption of alternative energy sources is critical to addressing the climate crisis. By transitioning towards clean energy sources, we can reduce greenhouse gas emissions, combat the negative effects of climate change, and ensure a sustainable and reliable energy supply for future generations.",303,206,False
69,69,0,msg_0,system,"Below is an instruction that describes a task, paired with an input that provides further context. Write a response that appropriately completes the request.",27,18,True
69,69,1,msg_1,user,"Convert the following sentence into the present continuous tense

### Input:
He reads books",16,208,False
69,69,2,msg_2,assistant,He is reading books.,5,209,False
70,70,0,msg_0,system,"Below is an instruction that describes a task, paired with an input that provides further context. Write a response that appropriately completes the request.",27,18,True
70,70,1,msg_1,user,"Give an example of a metaphor that uses the following object

### Input:
Stars",16,211,False
70,70,2,msg_2,assistant,"""Her eyes were like bright stars, twinkling with excitement and wonder.""",16,212,False
71,71,0,msg_0,system,"Below is an instruction that describes a task, paired with an input that provides further context. Write a response that appropriately completes the request.",27,18,True
71,71,1,msg_1,user,"Create a description for a person with the following name

### Input:
John",15,214,False
71,71,2,msg_2,assistant,"John is a tall, dark-haired man with a kind smile and a twinkle in his eyes. He has a gentle, caring nature, and he always strives to understand others. He has a passion for learning and exploring new places, experiences and cultures.",51,215,False
72,72,0,msg_0,system,Below is an instruction that describes a task. Write a response that appropriately completes the request.,18,0,True
72,72,1,msg_1,user,What is the ones digit of 7^35 when written as an integer?,16,217,False
72,72,2,msg_2,assistant,"To find the ones digit of 7 raised to any positive integer n, we should look at the cycle of ones digits of 7^n, which is 7, 9, 3, 1. This cycle repeats every 4 powers of 7. Therefore, we need to find the remainder, R, when n is divided by 4 to determine the ones digit of 7^n. For example, for n = 35, we have 35 divided by 4 equals 8 with a remainder of 3. Thus, the ones digit of 7^35 is the third digit in the cycle which is 3.",133,218,False
73,73,0,msg_0,system,"Below is an instruction that describes a task, paired with an input that provides further context. Write a response that appropriately completes the request.",27,18,True
73,73,1,msg_1,user,"Aim to reduce the following sentence without changing its meaning

### Input:
When he came in, he woke everyone up",23,220,False
73,73,2,msg_2,assistant,He woke everyone upon entering.,6,221,False
74,74,0,msg_0,system,"Below is an instruction that describes a task, paired with an input that provides further context. Write a response that appropriately completes the request.",27,18,True
74,74,1,msg_1,user,"Identify the conjunctions in the following sentence

### Input:
She wrote a letter and sealed it",19,223,False
74,74,2,msg_2,assistant,"The conjunction in the given sentence is 'and'. Conjunctions are words that join two or more words, phrases or clauses together, and 'and' is one of the most common conjunctions that is used to combine two or more phrases, clauses or words of similar grammatical type together.",58,224,False
75,75,0,msg_0,system,"Below is an instruction that describes a task, paired with an input that provides further context. Write a response that appropriately completes the request.",27,18,True
75,75,1,msg_1,user,"Rewrite the following sentence in the third person

### Input:
I am anxious",15,226,False
75,75,2,msg_2,assistant,He/She is anxious.,6,227,False
76,76,0,msg_0,system,Below is an instruction that describes a task. Write a response that appropriately completes the request.,18,0,True
76,76,1,msg_1,user,Generate a list of business ideas for a food delivery service.,12,229,False
76,76,2,msg_2,assistant,"1. Organic meal delivery: Delivering locally and sustainably sourced, healthy, organic meals to customers' doors.

2. Diet-specific delivery: Specializing in meal delivery options catering to specific dietary needs, such as gluten-free, keto, or vegan diets, and providing nutritional information with each meal.

3. Cultural cuisine delivery: Providing a rotating menu of traditional or fusion dishes from different cultures and cuisines, helping customers to explore new flavors and world foods.

4. Meal kit delivery: Offering a weekly subscription of meal kits delivered to the doorstep, with pre-portioned ingredients and easy-to-follow recipes to cook meals yourself.

5. Farm-to-table delivery: Connecting local farmers with consumers by delivering fresh, seasonal, and locally grown produce and products directly to customers' doors.

6. Family-style meal deliveries: Providing larger, family-sized portions of home-cooked comfort foods delivered to the door, making it easy for busy families to enjoy a quality, home-cooked meal.

7. Health-focused delivery: Using clean, whole food ingredients to create delicious, healthy meals tailored to customers goals like weight loss, muscle gain, or improved overall well-being.

8. Gourmet meal delivery: Delivering high-end, restaurant-quality meals to customers' doors, offering a fine-dining experience in the comfort of their own homes.

9. Frozen food delivery: Providing a convenient solution for busy individuals or families by delivering high-quality, chef-prepared frozen meals that are easy to reheat and enjoy at home.

10. Breakfast delivery: Starting the day off right by delivering fresh, healthy, and delicious breakfast options directly to customers' doors each morning.",325,230,False
77,77,0,msg_0,system,"Below is an instruction that describes a task, paired with an input that provides further context. Write a response that appropriately completes the request.",27,18,True
77,77,1,msg_1,user,"Edit the following sentence to improve clarity and flow.

### Input:
The restaurant has great food though the prices are a bit hefty",25,232,False
77,77,2,msg_2,assistant,"Although the food at the restaurant is great, the prices are somewhat expensive.",15,233,False
78,78,0,msg_0,system,Below is an instruction that describes a task. Write a response that appropriately completes the request.,18,0,True
78,78,1,msg_1,user,Imagine you are speaking with a customer who is unsatisfied with the product they bought from you. Construct a response that diffuses the situation.,28,235,False
78,78,2,msg_2,assistant,"Dear customer,

First and foremost, I would like to sincerely apologize for any inconvenience or frustration you have experienced with our product. It is important to us that our customers are fully satisfied with their purchases and we take concerns like yours very seriously.

May I ask you to provide more details about the issues you are facing with the product? That way, we can work together towards finding the best possible solution to address your concerns.

Please rest assured that I am here to assist you and I will do everything in my power to make things right for you. We value your business and appreciate the opportunity to make things right.

Thank you for bringing this matter to our attention.

Sincerely,
AI Assistant",137,236,False
79,79,0,msg_0,system,Below is an instruction that describes a task. Write a response that appropriately completes the request.,18,0,True
79,79,1,msg_1,user,Explain the concept of a bubble sort algorithm to a non-technical audience.,15,238,False
79,79,2,msg_2,assistant,"Bubble sort is a simple sorting algorithm that works by comparing pairs of adjacent numbers in a list and swapping them if they are in the wrong order. 

Imagine you have an unorganized list of numbers. Think of it like having a handful of differently-sized balls all mixed up. Your goal is to have the balls increase in size from one end of your hand to the other. To do this, you compare two balls right next to each other. If the ball on the right is smaller than the ball on the left, you swap them. Then, you move one ball to the right and compare those two (the second ball and the third ball). If the ball on the right (the third ball) is smaller than the ball on the left (the second ball), you swap them. You keep doing this through the whole list of balls until the end. Once you arrive at the last ball, the largest ball should be located here.

Now, you go back to where you started and do the whole process again. Here's the catch - when you've already found the location for the largest ball, you no longer need to compare it with the ball before it. This means, in your second run of swapping, you don't have to go all the way to the end. You can stop one ball before the end. Now, the second-largest ball is in its rightful location.

This process repeats and you go through the list over and over again, each time comparing one less ball, until you no longer have to make any more swaps. At this point, all your balls are completely organized in order of size from one end to the other. That's how bubble sort works!",334,239,False
80,80,0,msg_0,system,"Below is an instruction that describes a task, paired with an input that provides further context. Write a response that appropriately completes the request.",27,18,True
80,80,1,msg_1,user,"Classify the following incident as a breach of protocol. Output 1 for breach, and 0 for no breach.

### Input:
Using a school laptop for personal use",34,241,False
80,80,2,msg_2,assistant,1,1,242,False
81,81,0,msg_0,system,"Below is an instruction that describes a task, paired with an input that provides further context. Write a response that appropriately completes the request.",27,18,True
81,81,1,msg_1,user,"Given the following input, construct a creative story.

### Input:
A magic bow and arrow",18,244,False
81,81,2,msg_2,assistant,"Once upon a time, in a land far, far away, there was a magic bow and arrow. It was said to have been crafted by the wise elves of the forest, imbued with their ancient magic and knowledge. The bow was made of the strongest wood from the enchanted trees, and its string was spun from the finest spider silk. The arrow, on the other hand, was forged in the depths of the mountains, by the dwarves who used their expertise to create the perfect balance of lightness and sharpness.

Legend had it that whoever wielded the magic bow and arrow would be granted the power to defeat any foe and overcome any obstacle. But, as with all great power, it came with a heavy responsibility. Those who used it unwisely would suffer terrible consequences, for the magic bow and arrow were not to be taken lightly.

One day, a young adventurer stumbled upon the magic bow and arrow, hidden away in a secret cave deep in the mountains. He knew of the legends and had heard of its powers, and he decided to take the bow and arrow with him on his journey.

As he traveled across the land, he encountered many challenges and dangers, but he always kept the magic bow and arrow close by. Whenever he was in need, he would draw the bow and aim the arrow, and the magic within would guide him towards his goal.

And so, the young adventurer went on many great adventures, making the impossible possible with the help of the magic bow and arrow. He used its power wisely and became known as one of the greatest heroes of the land.

In the end, the magic bow and arrow were passed down from generation to generation, helping those who were brave enough to use its power for the greater good. And thus, the legend of the magic bow and arrow lived on, a tale of wonder and possibility.",376,245,False
82,82,0,msg_0,system,Below is an instruction that describes a task. Write a response that appropriately completes the request.,18,0,True
82,82,1,msg_1,user,Generate a list of methods to reduce food waste.,10,247,False
82,82,2,msg_2,assistant,"1. Plan your meals - Plan your meals for the week and shop accordingly. This will prevent overbuying and decrease the likelihood of unnecessary food waste.

2. Use leftovers wisely – Be creative in how you use your leftovers, and try to incorporate them into new meals or repurpose them into new dishes.

3. Store food correctly - Ensure that your food is stored properly in the fridge or freezer to extend its shelf life.

4. Understand expiration dates - ""Best before"" and ""use by"" dates can be confusing. Take the time to learn the difference so that you don't throw away food unnecessarily.

5. Donate surplus food – Instead of throwing away leftover food, consider donating it to a local food bank or shelter.

6. Compost waste – Rather than discarding food scraps, compost them instead. This will help reduce waste while also enriching the soil.

7. Monitor food waste - Keep track of the food you throw away so that you can adjust your buying and cooking habits accordingly.

8. Serve smaller portions - Serve food in smaller portions to prevent overeating and reduce the amount of food waste that is produced at mealtimes.

9. Freeze extra ingredients - If you have extra ingredients that you know you won't use before they go bad, freeze them for future use.

10. Learn to preserve – If you have surplus fruits and vegetables, learn how to preserve them by pickling or canning. This will help to extend their shelf life and reduce the amount of food waste.",299,248,False
83,83,0,msg_0,system,Below is an instruction that describes a task. Write a response that appropriately completes the request.,18,0,True
83,83,1,msg_1,user,Propose an idea for a self-driving car.,10,250,False
83,83,2,msg_2,assistant,"Self-driving cars are becoming increasingly popular as technology advances and the demand for safer and more efficient transportation increases. One idea for a self-driving car would be to equip it with advanced sensors and cameras, allowing it to navigate roads safely and autonomously. The car would use machine learning algorithms to analyze road conditions, traffic patterns, and potential hazards, and make real-time decisions about how to respond to these factors.

The car would be able to communicate with other self-driving cars on the road, sharing information and coordinating their movements to reduce traffic congestion and improve safety. The car would be able to adjust its speed and route based on real-time traffic information, and would be able to automatically take detours to avoid traffic jams or accidents.

In addition, the car would be equipped with safety features such as automatic emergency braking, lane departure warnings, and collision avoidance systems, ensuring that the car and its occupants are always safe on the road.

The self-driving car would also have a user-friendly interface, allowing passengers to input their destination and preferred route, while also providing information about the estimated time of arrival and any potential delays. This would make traveling by car more convenient and stress-free, and would allow people to focus on other tasks while the car takes care of the driving.",252,251,False
84,84,0,msg_0,system,Below is an instruction that describes a task. Write a response that appropriately completes the request.,18,0,True
84,84,1,msg_1,user,Explain the concept of a linear regression model using simple language.,12,253,False
84,84,2,msg_2,assistant,"Linear regression is a way to find the relationship between an independent variable (X) and a dependent variable (Y). Imagine you are trying to predict how long it takes to make a pizza based on its size. The size of the pizza would be X and the time required to make it is Y.

In linear regression, we try to find the best fit line that represents the relationship between X and Y. This means that we are trying to find the line that gets as close as possible to all the data points. 

So in our pizza example, we would collect data on different sizes of pizza and the time it takes to make them. And then we would use linear regression to find the best line that shows how the size of the pizza affects the time needed to make it. Once we have this line, we can use it to predict how long it will take to make a pizza of any size.

Linear regression is commonly used to make predictions and forecasts, and it is a powerful tool for understanding the relationship between different variables.",206,254,False
85,85,0,msg_0,system,Below is an instruction that describes a task. Write a response that appropriately completes the request.,18,0,True
85,85,1,msg_1,user,Construct a list of tips to help reduce stress.,10,256,False
85,85,2,msg_2,assistant,"Here is a list of tips that can help reduce stress:

1. Practice relaxation techniques: Try deep breathing, meditation or yoga to help calm the mind and reduce tension in the body.

2. Stay active: Regular exercise can help release stress hormones and improve overall well-being.

3. Get enough sleep: A good night's sleep can help you feel refreshed and better equipped to handle stress.

4. Stay organized: Being organized can help you feel more in control and less overwhelmed.

5. Set priorities: Identify what's important and focus on those things first. Trying to do everything at once can lead to stress.

6. Stay positive: Try to focus on the good things in your life, and remind yourself of your accomplishments and strengths.

7. Limit exposure to stressors: If possible, reduce the amount of stressors in your life, such as limiting time spent with negative people, or avoiding certain situations that cause stress.

8. Take breaks: Take regular breaks from work or other stressful activities to rest and recharge.

9. Stay connected: Social support from family and friends can help you through tough times.

10. Seek help: If stress is becoming overwhelming, seek help from a professional, such as a counselor or therapist.",245,257,False
86,86,0,msg_0,system,Below is an instruction that describes a task. Write a response that appropriately completes the request.,18,0,True
86,86,1,msg_1,user,"Use the following pieces of context to answer the question at the end. If you don't know the answer, just say that you don't know, don't try to make up an answer.

Founded in the 13th century, Berlin has had an eventful history. Excavations from 2008 suggest that the city may be even older than was previously assumed: state archaeologists have discovered an oak beam that probably dates back to 1183.

Almost no other metropolis has experienced such frequent, radical change transforming the face of the city. Although Berlin saw steady growth in its importance, dazzling epochs alternated with darker eras. Nevertheless, the formerly divided city has succeeded in becoming a vibrant metropolis in the heart of Europe.

Question: What events occurred in 20th century Berlin?",154,259,False
86,86,2,msg_2,assistant,"The context provided does not provide specific information about the events that occurred in 20th century Berlin. However, as Berlin has had an eventful history, it is known that the city has undergone frequent and radical changes throughout its history, including in the 20th century, which saw both bright and dark periods.",63,260,False
87,87,0,msg_0,system,"Below is an instruction that describes a task, paired with an input that provides further context. Write a response that appropriately completes the request.",27,18,True
87,87,1,msg_1,user,"Create a Twitter post to promote your new product.

### Input:
Alisha's All Natural Jam",19,262,False
87,87,2,msg_2,assistant,Satisfy your cravings with Alisha's All Natural Jam! 🍓🍯 Our newest product is made with the finest ingredients to guarantee a delicious taste. Experience the perfection of natural sweetness in every bite. #AlishasJam #NaturalGoodness #HealthyEating.,55,263,False
88,88,0,msg_0,system,"Below is an instruction that describes a task, paired with an input that provides further context. Write a response that appropriately completes the request.",27,18,True
88,88,1,msg_1,user,"Given the following input, classify the verb as transitive or intransitive.

### Input:
improve",21,265,False
88,88,2,msg_2,assistant,Improve is an intransitive verb.,8,266,False
89,89,0,msg_0,system,Below is an instruction that describes a task. Write a response that appropriately completes the request.,18,0,True
89,89,1,msg_1,user,Generate a list of marketing strategies to promote a new mobile app.,13,268,False
89,89,2,msg_2,assistant,"Here are some marketing strategies to promote a new mobile app:

1. Social media advertising campaigns: Utilize major social media platforms such as Facebook, Instagram and Twitter to reach a large audience and promote the app.

2. App Store Optimization: Optimize the app's title, description, and keywords to rank higher in app store search results.

3. Influencer marketing: Partner with social media influencers and bloggers to spread the word and increase visibility of the app.

4. Content marketing: Develop useful and informative blog posts, videos, and infographics to attract and engage potential customers.

5. Email marketing: Create targeted email campaigns to promote the app to a specific audience.

6. Referral marketing: Encourage current users to refer their friends and family members to the app in exchange for rewards or incentives.

7. In-app advertising: Advertise the new app within other popular apps to reach a large and relevant audience.

8. Press releases: Develop and distribute press releases to relevant media outlets to gain coverage and attention for the app.

9. Search Engine Marketing: Utilize paid search advertising to target specific keywords and drive traffic to the app's landing page.

10. Event marketing: Host or participate in events, conferences, or webinars to engage with potential customers and promote the app.",252,269,False
90,90,0,msg_0,system,"Below is an instruction that describes a task, paired with an input that provides further context. Write a response that appropriately completes the request.",27,18,True
90,90,1,msg_1,user,"Rewrite the sentence to provide more clarity and flow.

### Input:
Making the decision to rent a house was a wise choice",24,271,False
90,90,2,msg_2,assistant,Opting to rent a house was a prudent decision.,11,272,False
91,91,0,msg_0,system,"Below is an instruction that describes a task, paired with an input that provides further context. Write a response that appropriately completes the request.",27,18,True
91,91,1,msg_1,user,"Give a description of the following customer segment.

### Input:
Online shoppers in the US aged between 18-25",23,274,False
91,91,2,msg_2,assistant,"Online shoppers in the US aged 18-25 represent a young adult, tech-savvy customer segment that frequently engages in e-commerce activities. This age group is likely to be digitally native, having grown up with the internet and being comfortable with technology. They are likely to use various digital platforms and devices to research, compare, and purchase products and services online. They may have different motivations for shopping online, including convenience, variety, and the ability to quickly find and compare the best deals. They may also have high expectations for fast and free shipping, easy returns, and personalized recommendations. This is a valuable customer segment for businesses, as they have a high level of engagement and potential for long-term loyalty.",141,275,False
92,92,0,msg_0,system,Below is an instruction that describes a task. Write a response that appropriately completes the request.,18,0,True
92,92,1,msg_1,user,"Use the following pieces of context to answer the question at the end. If you don't know the answer, just say that you don't know, don't try to make up an answer.

Previously, the use of dye-sub printing was limited to industrial or high-end commercial printing. Dye-sub photo printing has been used in medical imaging, graphic arts proofing, security, and broadcast-related applications. Today, it is extremely popular in event photography and photo booths or kiosks that require high-speed, on-demand printing.

Alps Electric produced the first quality dye-sub printers for home consumers in the $500–$1,000 price range, bringing dye-sublimation technology within the reach of a wider audience. (These models were, however, not true page printers, since they used a narrow printhead that swept across the page, like most inkjet printers.) Now there are many dye-sublimation printers on the market starting from as low as $100, especially postcard-sized mobile photo printers.

The ability to produce instant photo prints inexpensively from a small printer has led to dye sublimation solutions supplanting traditional instant photos in some applications, such as ID photography with a card printer.

Several corporations market desktop-size units as stand-alone printers and for print kiosk and photo booth applications. Some of these units are based on generic printers. Some manufacturers, offer software development kits with their printers, suggesting that these companies hope to attract system integrators as a potential market.

Desktop-size standalone dye-sub photo printers are also used by photographers in event photography. The technology allows photographers to produce and sell lab-quality prints immediately during the event they are attending, with a minimal amount of hardware. 

Question: What are the uses of a dye sublimation printer?",348,277,False
92,92,2,msg_2,assistant,"Dye sublimation printers are used for industrial or high-end commercial printing, medical imaging, graphic arts proofing, security, broadcast-related applications, event photography, and photo booths or kiosks that require high-speed, on-demand printing. They can produce instant photo prints inexpensively and are popular for ID photography with a card printer. Desktop-size standalone dye-sub photo printers are also used by photographers in event photography, allowing them to produce and sell lab-quality prints immediately during the event they are attending with minimal hardware.",102,278,False
93,93,0,msg_0,system,Below is an instruction that describes a task. Write a response that appropriately completes the request.,18,0,True
93,93,1,msg_1,user,Generate a list of country names in the western hemisphere.,11,280,False
93,93,2,msg_2,assistant,"Here is a list of countries located in the Western Hemisphere:

1. Antigua and Barbuda
2. Argentina
3. The Bahamas
4. Barbados
5. Belize
6. Bolivia
7. Brazil
8. Canada
9. Chile
10. Colombia
11. Costa Rica
12. Cuba
13. Dominica
14. Dominican Republic
15. Ecuador
16. El Salvador
17. Grenada
18. Guatemala
19. Guyana
20. Haiti
21. Honduras
22. Jamaica
23. Mexico
24. Nicaragua
25. Panama
26. Paraguay
27. Peru
28. Saint Kitts and Nevis
29. Saint Lucia
30. Saint Vincent and the Grenadines
31. Suriname
32. Trinidad and Tobago
33. United States of America
34. Uruguay
35. Venezuela.",180,281,False
94,94,0,msg_0,system,"Below is an instruction that describes a task, paired with an input that provides further context. Write a response that appropriately completes the request.",27,18,True
94,94,1,msg_1,user,"Translate the following phrase into French.

### Input:
I miss you",13,283,False
94,94,2,msg_2,assistant,Tu me manques.,5,284,False
95,95,0,msg_0,system,Below is an instruction that describes a task. Write a response that appropriately completes the request.,18,0,True
95,95,1,msg_1,user,Explain what an API is.,6,286,False
95,95,2,msg_2,assistant,"API is the acronym for Application Programming Interface. It is a set of rules and protocols that enables communication between different software programs or systems. Essentially, it provides a way for different applications to share data and services with one another in a structured and organized manner. An API defines the way that one piece of software can request information or services from another, specifying the format of the request and the response. This allows developers to build programs and applications that can take advantage of the functionality of other systems or services, without having to understand their entire codebase or internal workings. By using an API, developers can focus on building their own programs, while leveraging the capabilities of other systems to provide a richer user experience. In summary, an API can be seen as a translator between two or more separate software systems, enabling them to work together and interact in a seamless and efficient manner.",173,287,False
96,96,0,msg_0,system,Below is an instruction that describes a task. Write a response that appropriately completes the request.,18,0,True
96,96,1,msg_1,user,Compute the area of a rectangle with length 10cm and width 5cm.,17,289,False
96,96,2,msg_2,assistant,"The area of a rectangle can be calculated by multiplying its length by its width. In this case, the length of the rectangle is given as 10 cm and the width as 5 cm. Therefore, the area of the rectangle with the given dimensions is `10 cm x 5 cm = 50 cm²`.",64,290,False
97,97,0,msg_0,system,Below is an instruction that describes a task. Write a response that appropriately completes the request.,18,0,True
97,97,1,msg_1,user,Find the capital of Spain.,6,292,False
97,97,2,msg_2,assistant,The capital of Spain is Madrid.,7,293,False
98,98,0,msg_0,system,"Below is an instruction that describes a task, paired with an input that provides further context. Write a response that appropriately completes the request.",27,18,True
98,98,1,msg_1,user,"Classify the following statement as true or false.

### Input:
The Supreme Court is the highest court in the US.",24,295,False
98,98,2,msg_2,assistant,True,1,296,False
99,99,0,msg_0,system,Below is an instruction that describes a task. Write a response that appropriately completes the request.,18,0,True
99,99,1,msg_1,user,Design a database schema to record employee salaries.,9,298,False
99,99,2,msg_2,assistant,"Here is a possible database schema for recording employee salaries:

Table: employees
- id (primary key)
- name
- email
- department_id (foreign key referencing departments.id)

Table: departments
- id (primary key)
- name

Table: salaries
- id (primary key)
- employee_id (foreign key referencing employees.id)
- salary
- start_date
- end_date (optional)

The ""employees"" table stores information about each employee, including their name, email address, and department. The ""departments"" table stores information about each department, including its name. The ""salaries"" table stores information about each employee's salary, including the employee's ID, salary amount, and the start and end dates of the salary period.

Note that this schema assumes that each employee is only associated with one department at a time. If an employee can be associated with multiple departments, you may need to modify the schema accordingly. Additionally, you may want to add additional fields to the tables to store more information, such as job titles, employee IDs, or manager information, depending on your specific needs.",227,299,False
